sppname,TaxaNameScientific,TaxaNameCommon,Diet,Source,
Alces_alces,Alces alces,Moose,Browser,MOM,
Alces_latifrons,Cervalces latifrons,Giant Moose,Browser,MOM,
Alces_sp.,Alces sp,Moose,Browser,Inferred from genus,
Allophaiomys_pliocaenicus,Microtus pliocaenicus,Extinct Vole,Grazer,Inferred from genus,
Alopex_lagopus,Vulpes lagopus,Arctic Fox,Carnivore,MOM,
Aluralagus_bensonesis,Aluralagus bensonesis,Extinct Rabbit,Grazer,Paleobiodb,
Aluralagus_virginiana,Aluralagus virginiana,Extinct Rabbit,Grazer,Paleobiodb,
Ammospermophilus_hanfordi,Ammospermophilus hanfordi,Extinct Antelope Squirrel,Frugivore,Paleobiodb,
Ammospermophilus_interpres,Ammospermophilus interpres,Texas Antelope Squirrel,Frugivore,MOM,
Ammospermophilus_leucurus,Ammospermophilus leucurus,White-Tailed Antelope Squirrel,Frugivore,MOM,
Ammospermophilus_nelsoni,Ammospermophilus nelsoni,San Joaquin Antelope Squirrel,Frugivore,MOM,
Ammospermophilus_sp.,Ammospermophilus sp,Antelope Squirrel,Frugivore,Inferred from genus,
Antilocapra_americana,Antilocapra americana,Pronghorn,Grazer,MOM,
Aplodontia_rufa,Aplodontia rufa,Mountain Beaver,Browser,MOM,
Arctocephalus_townsendi,Arctocephalus townsendi,Guadalupe Fur Seal,Carnivore,Paleobiodb,
Arctodus_pristinus,Arctodus pristinus,Lesser Short Faced Bear,Carnivore,MOM,
Arctodus_simus,Arctodus simus,Giant Short Faced Bear,Carnivore,MOM,
Arctodus_sp.,Arctodus sp,Short Faced Bear,Carnivore,Inferred from genus,
Atopomys_texensis,Atopomys texensis,Extinct Vole,Grazer,"Winkler & Grady, 1990",
Aztlanolagus_agilis,Aztlanolagus agilis,Rabbit,Browser,MOM,
Baiomys_brachygnathus,Baiomys brachygnathus,Extinct Pygmy Mouse,Browser,Inferred from genus,
Baiomys_kolbi,Baimoys kolbi,Extinct Pygmy Mouse,Browser,Inferred from genus,
Baiomys_minimus,Baiomys minimus,Extinct Pygmy Mouse,Browser,Inferred from genus,
Baiomys_mowi,Baiomys mowi,Extinct Pygmy Mouse,Browser,Inferred from genus,
Baiomys_rexroadi,Baiomys rexroadi,Extinct Pygmy Mouse,Browser,Inferred from genus,
Baiomys_sawrockensis,Baiomys sawrockensis,Extinct Pygmy Mouse,Browser,Inferred from genus,
Baiomys_sp.,Baiomys sp,Pygmy Mouse,Browser,Inferred from genus,
Baiomys_taylori,Baiomys taylori,Northern Pygmy Mouse,Browser,MOM,
Bassariscus_astutus,Bassariscus astutus,Ringtail,Carnivore,MOM,
Bassariscus_casei,Bassariscus casei,Extinct Ringtail,Omnivore,Paleobiodb,
Bassariscus_rexroadensis,Procyon rexroadensis,Extinct Ringtail,Omnivore,Paleobiodb,
Bassariscus_sonoitensis,Bassariscus astutus,Ringtail,Carnivore,MOM,
Bassariscus_sp.,Bassaricus sp,Ringtail,Omnivore,Inferred from genus,
Bensonomys_arizonae,Calomys arizonae,Extinct Vole,Grazer,Inferred from genus,
Bensonomys_eliasi,Calomys eliasi,Extinct Vole,Grazer,Inferred from genus,
Bensonomys_meadensis,Calomys meadensis,Extinct Vole,Grazer,Inferred from genus,
Bensonomys_sp.,Bensonomys,Extinct Vole,Grazer,Inferred from genus,
Bison_alaskensis,Bison alaskensis,Alaskan bison,Grazer,Paleobiodb,
Bison_antiquus,Bison antiquus,Extinct Bison,Grazer,Paleobiodb,
Bison_bison,Bison bison,American Bison,Grazer,MOM,
Bison_latifrons,Bison latifrons,Giant Bison,Grazer,MOM,
Bison_priscus,Bison priscus,Steppe Bison,Grazer,MOM,
Bison_sp.,Bison sp,Bison,Grazer,Inferred from genus,
Bison_taylori,Bison antiquus,Extinct Bison,Grazer,Paleobiodb,
Blancocamelus_meadei,Blancocamelus meadei,Extinct Camel,Browser,Paleobiodb,
Blarina_adamsi,Blarina adamsi,Extinct Short Tailed Shrew,Insectivore,Inferred from genus,
Blarina_brevicauda,Blarina brevicauda,Northern Short-Tailed Shrew ,Insectivore,MOM,
Blarina_carolinensis,Blarina carolinensis,Southern Short-Tailed Shrew,Insectivore,MOM,
Blarina_fossilis,Blarina fossilis,Extinct Short Tailed Shrew,Insectivore,Inferred from genus,
Blarina_hylophaga,Blarina hylophaga,Elliot's Short-Tailed Shrew,Insectivore,MOM,
Blarina_kirtlandi,Blarina kirtlandi,Extinct Short Tailed Shrew,Insectivore,Inferred from genus,
Blarina_sp.,Blarina sp,Short Tailed Shrew,Insectivore,Inferred from genus,
Blastocerus_extraneus,Blastocerus extraneus,Extinct Deer,Grazer,Paleobiodb,Grazer-Browser?
Bootherium_bombifrons,Bootherium bombifrons,Woodland Muskox,Grazer,MOM,
Borophagus_direptor,Borophagus direptor,Bone Crushing Dog,Carnivore,Paleobiodb,
Borophagus_hilli,Borophagus hilli,Bone Crushing Dog,Carnivore,Paleobiodb,
Borophagus_sp.,Borophagus sp,Bone Crushing Dog,Carnivore,Inferred from genus,
Bos_sp.,Bos sp,Cow,Grazer,Inferred from genus,
Bos_taurus,Bos taurus,Cow,Grazer,MOM,
Brachylagus_idahoensis,Brachylagus idahoensis,Pygmy Rabbit,Browser,MOM,
Brachyopsigale_dubius,Brachyopsigale dubius,Extinct Skunk,Omnivore,Paleobiodb,
Brachyprotoma_obtusata,Brachyprotoma obtusata,Short-Faced Skunk,Omnivore,MOM,
Bretzia_pseudalces,Bretzia pseudalces,Extinct Deer,Grazer,Paleobiodb,Grazer-Browser?
Buisnictis_breviramus,Buisnictis breviramus,Extinct Skunk,Omnivore,Paleobiodb,
Buisnictis_burrowsi,Buisnictis burrowsi,Extinct Skunk,Omnivore,Paleobiodb,
Buisnictis_schoffi,Buisnictis schoffi,Extinct Skunk,Omnivore,Paleobiodb,
Buisnictis_sp.,Buisnictis sp,Extinct Skunk,Omnivore,Inferred from genus,
Callorhinus_ursinus,Callorhinus ursinus,Northern Fur Seal,Carnivore,Paleobiodb,
Calomys_arizonae,Calomys arizonae,Extinct Vole,Grazer,"Self, 2015",
Calomys_elachys,Calomys elachys,Extinct Vole,Grazer,"Self, 2015",
Calomys_gidleyi,Calomys gidleyi,Extinct Vole,Grazer,"Self, 2015",
Calomys_sp.,Calomys sp,Extinct Vole,Grazer,"Self, 2015",
Camelops_hesternus,Camelops hesternus,Camel,Grazer,MOM,
Camelops_huerfanensis,Camelops hesternus,Camel,Grazer,MOM,
Camelops_kansanus,Camelops kansanus,Camel,Browser,Paleobiodb,
Camelops_minidokae,Camelops minidokae,Camel,Browser,Paleobiodb,
Camelops_nitidus,Camelops nitidus,Camel,Browser,Paleobiodb,
Camelops_sp.,Camelops sp,Camel,Browser,Inferred from genus,
Camelops_sulcatus,Camelops hesternus,Camel,Grazer,MOM,
Camelops_traviswhitei,Camelops hesternus,Camel,Grazer,MOM,
Canimartes_cumminsii,Canimartes cumminsii,Extinct Mustelid,Omnivore,Paleobiodb,
Canis_armbrusteri,Canis armbrusteri,Extinct Canine,Omnivore,Paleobiodb,
Canis_cedazoensis,Canis cedazoensis,Extinct Canine,Omnivore,Paleobiodb,
Canis_davisi,Eucyon davisi,Extinct Canine,Omnivore,Paleobiodb,
Canis_dirus,Canis dirus,Dire Wolf,Carnivore,MOM,
Canis_familiaris,Canis familiaris,Dog,Omnivore,Paleobiodb,
Canis_latrans,Canis latrans,Coyote,Carnivore,MOM,
Canis_lepophagus,Canis lepophagus,Extinct Canine,Omnivore,Paleobiodb,
Canis_lupus,Canis lupus,Wolf,Carnivore,MOM,
Canis_priscolatrans,Canis rufus,Red Wolf,Omnivore,Paleobiodb,
Canis_rufus,Canis rufus,Red Wolf,Omnivore,Paleobiodb,
Canis_sp.,Canis sp,Wolf,Omnivore,Inferred from genus,
Capra_hircus,Capra hircus,Goat,Browser,MOM,
Capromeryx_furcifer,Capromeryx furcifer,Dwarf Pronghorn,Browser,Paleobiodb,Browser-Grazer?
Capromeryx_gidleyi,Capromeryx gidleyi,Dwarf Pronghorn,Browser,Paleobiodb,
Capromeryx_minor,Capromeryx minor,Dwarf Pronghorn,Grazer,MOM,
Capromeryx_sp.,Capromeryx sp,Dwarf Pronghorn,Browser,Inferred from genus,
Capromeryx_tauntonensis,Capromeryx tauntonensis,Dwarf Pronghorn,Browser,Paleobiodb,
Castor_accessor,Castor californicus,Extinct Beaver,Browser,Paleobiodb,
Castor_californicus,Castor californicus,Extinct Beaver,Browser,Paleobiodb,
Castor_canadensis,Castor canadensis,American Beaver,Browser,MOM,
Castor_sp.,Castor sp,Beaver,Browser,Inferred from genus,
Castoroides_leiseyorum,Castoroides dilophidus,Giant Beaver ,Browser,Paleobiodb,
Castoroides_ohioensis,Castoroides ohioensis,Giant Beaver,Browser,MOM,
Castoroides_sp.,Castoroides sp,Giant Beaver,Browser,Inferred from genus,
Cervalces_scotti,Cervalces scotti,Stag Moose,Browser,MOM,
Cervus_brevitrabalis,Cervus brevitrabalis,Extinct Deer,Grazer,Paleobiodb,
Cervus_elaphus,Cervus elaphus,Red Deer,Browser,MOM,
Cervus_nannodes,Cervus canadensis nannodes,Tule Elk,Grazer,Paleobiodb,
Cervus_sp.,Cervus sp,Deer,Grazer,Inferred from genus,
Chaetodipus_baileyi,Chaetodipus baileyi,Bailey's Pocket Mouse,Frugivore,MOM,
Chaetodipus_californicus,Chaetodipus californicus,California Pocket Mouse,Frugivore,MOM,
Chaetodipus_formosus,Chaetodipus formosus,Long Tailed Pocket Mouse,Frugivore,MOM,
Chaetodipus_hispidus,Chaetodipus hispidus ,Hispid Pocket Mouse,Frugivore,MOM,
Chaetodipus_intermedius,Chaetodipus intermedius,Rock Pocket Mouse,Frugivore,MOM,
Chaetodipus_nelsoni,Chaetodipus nelsoni,Nelson's Pocket Mouse,Frugivore,MOM,
Chaetodipus_penicillatus,Chaetodipus penicillatus,Desert Pocket Mouse,Frugivore,MOM,
Chasmaporthetes_ossifragus,Chasmaporthetes ossifragus,Extinct Hyena,Carnivore,Paleobiodb,
Cimarronomys_stirtoni,Cimarronomys stirtoni,Extinct Vole,Frugivore,"Dalquest, 1979",
Clethrionomys_gapperi,Myodes gapperi,Southern Red Backed Vole,Frugivore,MOM,
Clethrionomys_rutilus,Myodes rutilus,Northern Red Backed Vole,Frugivore,MOM,
Clethrionomys_sp.,Myodes sp,Red Backed Vole,Frugivore,Inferred from genus,
Coendou_cascoensis,Erethizon cascoensis,Extinct Porcupine,Browser,Inferred from genus,
Coendou_sp.,Erethizon sp,Extinct Porcupine,Browser,Inferred from genus,
Condylura_cristata,Condylura cristata,Star-Nosed Mole,Insectivore,MOM,
Conepatus_leuconotus,Conepatus leuconotus,American Hog-Nosed Skunk,Insectivore,MOM,
Conepatus_sp.,Conepatus sp,Hog Nosed Skunk,Insectivore,Inferred from genus,
Copemys_sp.,Copemys sp,Extinct Vole,Insectivore,"Xu, 2023",
Copemys_vasquezi,Copemys vasquezi,Extinct Vole,Insectivore,"Xu, 2023",
Cormohipparion_emsliei,Cormohipparion emsliei,Hipparionine Horse,Grazer,Paleobiodb,
Cratogeomys_bensoni,Cratogeomys bensoni,Extinct Pocket Gopher,Browser,Paleobiodb,
Cratogeomys_castanops,Cratogeomys castanops,Yellow Faced Pocket Gopher,Browser,MOM,
Cryptopterus_webbi,Miopetaurista webbi,Giant Flying Squirrel,Frugivore,Paleobiodb,
Cryptotis_parva,Cryptotis parva,Least Shrew,Insectivore,MOM,
Cupidinimus_idahoensis,Cupidinimus idahoensis,Extinct Mouse,Frugivore,Inferred from subfamily,
Cuvieronius_bensonensis,Anancus bensonensis,Gompothere,Browser,Paleobiodb,
Cuvieronius_sp.,Cuvieronius sp,Gompothere,Browser,Inferred from genus,
Cuvieronius_tropicalis,Cuvieronius tropicus,Gompothere,Browser,Paleobiodb,
Cynomys_gunnisoni,Cynomys gunnisoni,Gunnison's Prairie Dog,Grazer,MOM,
Cynomys_hibbardi,Cynomys hibbardi,Extinct Prairie Dog,Frugivore,Paleobiodb,
Cynomys_leucurus,Cynomys leucurus,White Tailed Prairie Dog,Grazer,MOM,
Cynomys_ludovicianus,Cynomys ludovicianus,Arizona Black Tailed Prairie Dog,Grazer,MOM,
Cynomys_meadensis,Cynomys ludovicianus,Arizona Black Tailed Prairie Dog,Grazer,MOM,
Cynomys_niobrarensis,Cynomys niobrarus,Extinct Prairie Dog,Frugivore,Paleobiodb,
Cynomys_parvidens,Cynomys parvidens,Utah Prairie Dog,Grazer,MOM,
Cynomys_sp.,Cynomys sp ,Prairie Dog,Grazer,Inferred from genus,
Cynomys_vetus,Cynomys vetus,Extinct Prairie Dog,Frugivore,Paleobiodb,
Dasypus_bellus,Dasypus bellus,Beautiful Armadillo,Insectivore,Paleobiodb,
Dasypus_novemcinctus,Dasypus novemcinctus,Nine Banded Armadillo,Insectivore,MOM,
Dasypus_sp.,Dasypus sp,Armadillo,Insectivore,Inferred from genus,
Dicrostonyx_hemseli,Dicrostonyx hemseli,Extinct Lemming,Browser,Inferred from genus,
Dicrostonyx_hudsonius,Dicrostonyx hudsonius,Ungava Collared Lemming,Browser,MOM,
Dicrostonyx_sp.,Dicrostonyx sp,Lemming,Browser,Inferred from genus,
Dicrostonyx_torquatus,Dicrostonyx torquatus,Arctic Lemming ,Browser,MOM,
Didelphis_virginianus,Didelphis virginianus,Virginia Oppossum,Omnivore,MOM,
Dinofelis_paleoonca,Dinofelis paleoonca,Sabre Tooth Cat,Carnivore,Paleobiodb,
Dinohippus_sp.,Dinohippus sp,Extinct Horse,Browser,Paleobiodb,
Dipodomys_agilis,Dipodomys agilis,Agile Kangaroo Rat,Frugivore,MOM,
Dipodomys_compactus,Dipodomys compactus,Gulf Coast Kangaroo Rat,Frugivore,Paleobiodb,
Dipodomys_deserti,Dipodomys deserti,Desert Kangaroo Rat,Frugivore,MOM,
Dipodomys_downsi,Dipodomys downsi,Extinct Kangaroo Rat,Frugivore,Inferred from genus,
Dipodomys_elator,Dipodomys elator,Texas Kangaroo Rat,Frugivore,MOM,
Dipodomys_gidleyi,Dipodomys gidleyi,Extinct Kangaroo Rat,Frugivore,Paleobiodb,
Dipodomys_heermanni,Dipodomys heermanni,Heermann's Kangaroo Rat,Frugivore,MOM,
Dipodomys_hibbardi,Dipodomys hibbardi,Extinct Kangaroo Rat,Frugivore,Paleobiodb,
Dipodomys_ingens,Dipodomys ingens,Giant Kangaroo Rat,Frugivore,MOM,
Dipodomys_merriami,Dipodomys merriami,Merriam's Kangaroo Rat,Frugivore,MOM,
Dipodomys_microps,Dipodomys microps,Chisel Toothed Kangaroo Rat,Frugivore,MOM,
Dipodomys_ordii,Dipodomys ordii ,Ord's Kangaroo Rat,Frugivore,MOM,
Dipodomys_panamintinus,Dipodomys panamintinus,Panamint Kangaroo Rat,Frugivore,MOM,
Dipodomys_sp.,Dipodomys sp,Kangaroo Rat,Frugivore,Inferred from genus,
Dipodomys_spectabilis,Dipodomys spectabilis,Banner Tailed Kangaroo Rat,Frugivore,MOM,
Dipoides_rexroadensis,Dipoides rexroadensis,Extinct Beaver,Browser,Paleobiodb,
Dipoides_sp.,Dipoides sp,Extinct Beaver,Browser,Inferred from genus,
Dipoides_wilsoni,Dipoides wilsoni,Extinct Beaver,Browser,Paleobiodb,
Enhydra_lutris,Enhydra lutris,Sea Otter,Carnivore,MOM,
Enhydriodon_sp.,Enhydriodon sp,Extinct Otter,Omnivore,Paleobiodb,
Equus_alaskae,Equus alaskae,Extinct Horse,Grazer,Paleobiodb,
Equus_caballus,Equus caballus,Horse,Grazer,MOM,
Equus_calobatus,Equus calobatus,Extinct Horse,Grazer,Paleobiodb,
Equus_complicatus,Equus complicatus,Extinct Horse,Grazer,Paleobiodb,
Equus_conversidens,Equus conversidens,Extinct Horse,Grazer,Paleobiodb,
Equus_cumminsii,Equus cumminsii,Extinct Horse,Grazer,Paleobiodb,
Equus_enormis,Equus enormis,Extinct Horse,Grazer,Paleobiodb,
Equus_excelsus,Equus excelsus,Extinct Horse,Grazer,Paleobiodb,
Equus_francescana,Plesippus francescana,Extinct Horse,Grazer,Paleobiodb,
Equus_francisci,Equus francisci,Extinct Horse,Grazer,Paleobiodb,
Equus_fraternus,Equus fraternus,Extinct Horse,Grazer,Paleobiodb,
Equus_giganteus,Equus giganteus,Extinct Horse,Grazer,Paleobiodb,
Equus_hemionus,Equus hemionus,Asiatic Wild Ass,Grazer,MOM,
Equus_idahoensis,Plesippus idahoensis,Extinct Horse,Grazer,Paleobiodb,
Equus_kiang,Equus kiang,Kiang,Grazer,MOM,
Equus_lambei,Equus alaskae,Extinct Horse,Grazer,Paleobiodb,
Equus_laurentius,Equus laurentius,Extinct Horse,Grazer,Paleobiodb,
Equus_leidyi,Equus leidyi,Extinct Horse,Grazer,Paleobiodb,
Equus_mexicanus,Equus mexicanus,Extinct Horse,Grazer,Paleobiodb,
Equus_nevadanus,Equus nevadanus,Extinct Horse,Grazer,Paleobiodb,
Equus_niobrarensis,Equus niobrarensis,Extinct Horse,Grazer,Paleobiodb,
Equus_occidentalis,Equus mexicanus,Extinct Horse,Grazer,Paleobiodb,
Equus_scotti,Equus mexicanus,Extinct Horse,Grazer,Paleobiodb,
Equus_simplicidens,Plesippus simplicidens,Extinct Horse,Grazer,Paleobiodb,
Equus_sp.,Equus sp,Extinct Horse,Grazer,Inferred from genus,
Equus_tau,Plesippus simplicidens,Extinct Horse,Grazer,Paleobiodb,
Equus_verae,Equus verae,Extinct Horse,Grazer,Inferred from genus,
Eremotherium_laurillardi,Eremotherium laurillardi,Ground Sloth,Browser,MOM,
Erethizon_bathygnathus,Erethizon bathygnathum,Extinct Porcupine,Browser,Inferred from genus,
Erethizon_dorsatum,Erethizon dorsatum,North American Porcupine,Browser,MOM,
Erethizon_poyeri,Erethizon poyeri,Extinct Porcupine,Browser,Inferred from genus,
Erethizon_sp.,Erethizon sp,Extinct Porcupine,Browser,Inferred from genus,
Erethizon_stirtoni,Erethizon stirtoni,Extinct Porcupine,Browser,Inferred from genus,
Erignatus_barbatus,Erignatus barbatus,Bearded Seal,Carnivore,Paleobiodb,
Etadonomys_tiheni,Prodipodomys tiheni,Extinct Mouse,Frugivore,Paleobiodb,
Euceratherium_collinum,Euceratherium collinum,Shrub Ox,Grazer,MOM,
Eumetopias_jubatus,Eumetopias jubatus,Steller's Sea Lion,Carnivore,Paleobiodb,
Eutamias_cinereicollis,Tamias cinereicollis,Gray Collared Chipmunk,Frugivore,MOM,
Eutamias_dorsalis,Tamias dorsalis,Cliff Chipmunk,Frugivore,MOM,
Eutamias_hudsonicus,Tamiasciurus hudsonicus,Red Squirrel,Frugivore,MOM,
Eutamias_minimus,Tamias minimus,Least Chipmunk,Frugivore,MOM,
Eutamias_quadrivittatus,Tamias quadrivittatus,Colorado Chipmunk,Frugivore,MOM,
Eutamias_sp.,Eutamias sp,Chipmunk,Frugivore,Inferred from genus,
Eutamias_townsendii,Tamias townsendii,Townsend's Chipmunk,Frugivore,MOM,
Eutamias_umbrinus,Tamias umbrinus,Hidden Forest Chipmunk,Frugivore,MOM,
Felis_domesticus,Felis domesticus,Domestic Cat,Carnivore,Paleobiodb,
Felis_lacustris,Puma lacustris,Extinct Puma,Carnivore,Paleobiodb,
Felis_sp.,Felis sp,Cat,Carnivore,Inferred from genus,
Geomys_adamsi,Geomys adamsi,Extinct Pocket Gopher,Browser,Paleobiodb,
Geomys_anzensis,Nerterogeomys anzensis,Extinct Pocket Gopher,Browser,Paleobiodb,
Geomys_buisi,Geomys buisi,Extinct Pocket Gopher,Browser,Inferred from genus,
Geomys_bursarius,Geomys bursarius,Plains Pocket Gopher,Browser,MOM,
Geomys_floridanus,Geomys pinetis floridanus,Cumberland Island Pocket Gopher,Browser,MOM,
Geomys_garbanii,Neterogeomys garbanii,Extinct Pocket Gopher,Browser,Paleobiodb,
Geomys_jacobi,Geomys jacobi,Extinct Pocket Gopher,Browser,Paleobiodb,
Geomys_minor,Neterogeomys minor,Extinct Pocket Gopher,Browser,Paleobiodb,
Geomys_paenebursarius,Neterogeomys paenebursarius,Extinct Pocket Gopher,Browser,Paleobiodb,
Geomys_persimilis,Neterogeomys persimilis,Extinct Pocket Gopher,Browser,Paleobiodb,
Geomys_personatus,Geomys personatus,Texas Pocket Gopher,Browser,MOM,
Geomys_pinetis,Geomys pinetis,Cumberland Island Pocket Gopher,Browser,MOM,
Geomys_pinetus,Geomys pinetis,Cumberland Island Pocket Gopher,Browser,MOM,
Geomys_propinetis,Orthogeomys propinetis,Extinct Pocket Gopher,Browser,Paleobiodb,
Geomys_quinni,Geomys quinni,Extinct Pocket Gopher,Browser,Paleobiodb,
Geomys_smithi,Neterogeomys smithi,Extinct Pocket Gopher,Browser,Paleobiodb,
Geomys_sp.,Geomys sp,Pocket Gopher,Browser,Inferred from genus,
Geomys_tobinensis,Geomys tobinensis,Extinct Pocket Gopher,Browser,Paleobiodb,
Gigantocamelus_sp.,Gigantocamelus sp,Giant Camel,Browser,Inferred from genus,
Gigantocamelus_spatula,Gigantocamelus spatula,Giant Camel,Browser,Paleobiodb,
Glaucomys_sabrinus,Glaucomys sabrinus,Carolina Flying Squirrel ,Frugivore,MOM,
Glaucomys_sp.,Glaucomys sp,Flying Squirrel,Frugivore,Inferred from genus,
Glaucomys_volans,Glaucomys volans,Mexican Flying Squirrel,Frugivore,MOM,
Glossotherium_chapadmalensis,Glossotherium chapadmalensis,Giant Ground Sloth,Grazer,Inferred from genus,"; Bargo & Vizcaino, 2008"
Glossotherium_harlani,Paramylodon harlani,Harlan's Giant Ground Sloth,Grazer ,"Ruez, 2005",
Glossotherium_sp.,Glossotherium sp,Giant Ground Sloth,Grazer,Inferred from genus,"; Bargo & Vizcaino, 2008"
Glyptotherium_arizonae,Glyptotherium texanum,Glypotherium,Omnivore,Paleobiodb,
Glyptotherium_floridanum,Glyptotherium floridanum,Glypotherium,Browser,MOM,
Glyptotherium_fredericensis,Glyptotherium texanum,Glypotherium,Omnivore,Paleobiodb,
Glyptotherium_sp.,Glyptotherium sp,Glypotherium,Omnivore,Inferred from genus,
Glyptotherium_texanum,Glyptotherium texanum,Glypotherium,Omnivore,Paleobiodb,
Guildayomys_hibbardi,Guildayomys hibbardi,Extinct Vole,Grazer,"Martin, 2003",
Gulo_gulo,Gulo gulo,Wolverine,Carnivore,MOM,
Gulo_schlosseri,Gulo gulo,Wolverine,Carnivore,MOM,
Gulo_sp.,Gulo sp,Wolverine,Carnivore,Inferred from genus,
Halichoerus_grypus,Halichoerus grypus,Grey Seal,Carnivore,Paleobiodb,
Hayoceros_barbouri,Hayoceros barbouri,Extinct Pronghorn,Browser,Paleobiodb,Browser/Grazer?
Hayoceros_falkenbachi,Hayoceros falkenbachi,Extinct Pronghorn,Browser,Paleobiodb,
Hemiauchenia_blancoensis,Hemiauchenia blancoensis,Large Headed Llama,Browser,Paleobiodb,Browser/Grazer?
Hemiauchenia_macrocephala,Hemiauchenia macrocephala,Large Headed Llama,Grazer,MOM,
Hemiauchenia_sp.,Hemiauchenia sp,Large Headed Llama,Browser,Inferred from genus,
Herpailurus_yagouaroundi,Herpailurus yagouaroundi,Jaguarundi,Carnivore,MOM,
Hesperoscalops_sp.,Scalopus sp,Mole,Insectivore,Paleobiodb,
Hibbardomys_marthae,Hibbardomys marthae,Extinct Vole,Grazer,"Martin, 2003",
Hibbardomys_voorhiesi,Hibbardomys voorhiesi,Extinct Vole,Grazer,"Martin, 2003",
Hibbardomys_zakrzewskii,Hibbardomys zakrzewskii,Extinct Vole,Grazer,"Martin, 2003",
Histriphoca_fasciata,Histriphoca fasciata,Ribbon Seal,Carnivore,Paleobiodb,
Holmesina_septentrionalis,Holmesina septentrionalis,Pampathere,Omnivore,Paleobiodb,
Homotherium_serum,Homotherium serum,Scimitar Cat,Carnivore,MOM,
Homotherium_sp.,Homotherium sp,Scimitar Cat,Carnivore,Inferred from genus,
Hydrochoerus_holmesi,Neochoerus holmesi,Extinct Capybara,Grazer,Inferred from genus,
Hypolagus_arizonensis,Hypolagus arizonensis,Extinct Rabbit,Grazer,Paleobiodb,Grazer/Browser?
Hypolagus_browni,Alilepus browni,Extinct Rabbit,Grazer,Paleobiodb,
Hypolagus_edensis,Hypolagus edensis,Extinct Rabbit,Grazer,Paleobiodb,
Hypolagus_furlongi,Hypolagus furlongi,Extinct Rabbit,Grazer,Paleobiodb,
Hypolagus_gidleyi,Hypolagus gidleyi,Extinct Rabbit,Grazer,Paleobiodb,
Hypolagus_regalis,Hypolagus regalis,Extinct Rabbit,Grazer,Paleobiodb,
Hypolagus_ringoldenis,Hypolagus ringoldenis,Extinct Rabbit,Grazer,Paleobiodb,
Hypolagus_sp.,Hypolagus sp,Extinct Rabbit,Grazer,Inferred from genus,
Hypolagus_vetus,Hypolagus vetus,Extinct Rabbit,Grazer,Paleobiodb,
Hypolagus_virginiae,Aluralagus virginiae,Extinct Rabbit,Grazer,Paleobiodb,
Hypolagus_voorhiesi,Hypolagus voorhiesi,Extinct Rabbit,Grazer,Paleobiodb,
Ischyrosmilus_gracilis,Smilodon gracilis,Sabre Tooth Cat,Carnivore,Paleobiodb,
Ischyrosmilus_ischyrus,Homotherium ischyrus,Scimitar Cat,Carnivore,Paleobiodb,
Ischyrosmilus_sp.,Homotherium sp,Scimitar Cat,Carnivore,Inferred from genus,
Jacobsomys_verdensis,Jacobsomys verdensis,Extinct Mouse,Insectivore,"Lindsay & Czaplewski, 2011",
Javazapus_weeksi,Javazapus weeksi,Extinct Jumping Mouse,Frugivore,Inferred from subfamily,
Lasiopodomys_deceitensis,Microtus deceitensis,Extinct Vole,Grazer,Inferred from genus,
Lemmiscus_curtatus,Lemmiscus curtatus,Sagebrush Vole,Browser,MOM,
Lemmus_sibiricus,Lemmus sibiricus,Brown Lemming,Browser,MOM,
Leopardus_pardalis,Leopardus pardalis,Ocelot,Carnivore,MOM,
Leopardus_wiedii,Leopardus wiedii,Margay,Carnivore,MOM,
Leptotylopus_percelsus,Blancocamelus sp,Extinct Camel,Browser,Inferred from genus,
Lepus_alleni,Lepus alleni,Antelope Jackrabbit,Browser,MOM,
Lepus_americanus,Lepus americanus,Snowshoe Hare,Grazer,MOM,
Lepus_arcticus,Lepus arcticus,Arctic Hare,Grazer,MOM,
Lepus_benjamini,Lepus benjamini,Extinct Hare,Grazer,Paleobiodb,
Lepus_californicus,Lepus californicus,Black Tailed Jackrabbit,Grazer,MOM,
Lepus_callotis,Lepus callotis,White Sided Jackrabbit,Grazer,MOM,
Lepus_canadensis,Lepus canadensis,Extinct Hare,Grazer,Inferred from genus,
Lepus_sp.,Lepus sp,Hare,Grazer,Inferred from genus,
Lepus_timidus,Lepus timidus,Mountain Hare,Grazer,MOM,
Lepus_townsendii,Lepus townsendii,White Tailed Jackrabbit,Grazer,MOM,
Liomys_centralis,Prodipodomys centralis,Extinct Mouse,Frugivore,Paleobiodb,
Lontra_canadensis,Lontra canadensis,North American River Otter,Carnivore,MOM,
Loupomys_sp.,Loupomys sp,Extinct Vole,Grazer,Inferred from subfamily,
Lutra_canadensis,Lontra canadensis,North American River Otter,Carnivore,MOM,
Lynx_canadensis,Lynx canadensis,Canadian Lynx,Carnivore,MOM,
Lynx_rufus,Lynx rufus,Bobcat,Carnivore,MOM,
Machairodus_sp.,Machairodus sp,Sabre Tooth Cat,Carnivore,Paleobiodb,
Mammut_americanum,Mammut americanum,American Mastodon,Browser,MOM,
Mammuthus_columbi,Mammuthus columbi,Columbian Mammoth,Grazer,MOM,
Mammuthus_exilis,Mammuthus exilis,Pygmy Mammoth,Grazer,Paleobiodb,
Mammuthus_haysii,Mammuthus hayi,Mammoth,Grazer,Paleobiodb,
Mammuthus_imperator,Mammuthus columbi,Columbian Mammoth,Grazer,MOM,
Mammuthus_jeffersonii,Mammuthus columbi,Columbian Mammoth,Grazer,MOM,
Mammuthus_primigenius,Mammuthus primigenius,Woolly Mammoth,Grazer,MOM,
Mammuthus_sp.,Mammuthus sp,Mammoth,Grazer,Inferred from genus,
Marmota_caligata,Marmota caligata,Hoary Marmot,Grazer,MOM,
Marmota_flaviventris,Marmota flaviventris,Yellow Bellied Marmot,Grazer,MOM,
Marmota_monax,Marmota monax,Woodchuck,Grazer,MOM,
Marmota_sawrockensis,Paenemarmota sawrockensis,Extinct Marmot,Frugivore,Paleobiodb,
Marmota_sp.,Marmota sp,Marmot,Grazer,Inferred from genus,
Marmota_vancouverensis,Marmota vancouverensis,Vancouver Island Marmot,Grazer,MOM,
Martes_americana,Martes americana,American Marten,Omnivore,MOM,
Martes_diluviana,Pekania diluviana,Extinct Mustelid,Omnivore,Paleobiodb,
Martes_foxi,Martes foxi,Extince Marten,Omnivore,Paleobiodb,
Martes_nobilis,Martes americana,American Marten,Omnivore,MOM,
Martes_pennanti,Pekania pennanti,Fisher,Carnivore,MOM,
Martes_sp.,Martes sp,Marten,Omnivore,Inferred from genus,
Megalonyx_jeffersonii,Megalonyx jeffersonii,Jefferson's Ground Sloth,Browser,MOM,
Megalonyx_leptostomus,Megalonyx leptostomus,Ground Sloth,Browser,Inferred from genus,
Megalonyx_sp.,Megalonyx sp,Ground Sloth,Browser,Inferred from genus,
Megalonyx_wheatleyi,Megalonyx wheatleyi,Ground Sloth,Browser,Inferred from genus,
Megasorex_sp.,Megasorex sp,Extinct Shrew,Omnivore,Paleobiodb,
Megatylopus_cochrani,Megatylopus cochrani,Extinct Camel,Browser,Paleobiodb,
Megatylopus_sp.,Megatylopus sp,Extinct Camel,Browser,Inferred from genus,
Mephitis_elongata,Mephitis mephitis elongata,Striped Skunk,Insectivore,MOM,
Mephitis_macroura,Mephitis macroura,Hooded Skunk,Insectivore,MOM,
Mephitis_mephitis,Mephitis mephitis,Striped Skunk,Insectivore,MOM,
Mephitis_rexroadensis,Mephitis rexroadensis,Extinct Skunk,Insectivore,Inferred from genus,
Mephitis_sp.,Mephitis sp,Extinct Skunk,Insectivore,Inferred from genus,
Microdipodops_megacephalus,Microdipodops megacephalus,Dark Kangaroo Mouse,Frugivore,MOM,
Microdipodops_sp.,Microdipodops sp,Kangaroo Mouse,Frugivore,Inferred from genus,
Microtus_anzaensis,Microtus anzaensis,Extinct Vole,Grazer,Inferred from genus,
Microtus_aratai,Pitymys aratai,Extinct Vole,Grazer,Inferred from genus,
Microtus_australis,Microtus australis,Extinct Vole,Grazer,Inferred from genus,
Microtus_californicus,Microtus californicus,Extinct Vole,Grazer,Inferred from genus,
Microtus_chrotorrhinus,Microtus  chrotorrhinus,Rock Vole,Grazer,MOM,
Microtus_gregalis,Microtus gregalis,Extinct Vole,Grazer,Inferred from genus,
Microtus_gregoryi,Microtus gregoryi,Extinct Vole,Grazer,Inferred from genus,
Microtus_hibbardi,Microtus hibbardi,Extinct Vole,Grazer,Inferred from genus,
Microtus_llanensis,Microtus llanensis,Extinct Vole,Grazer,Inferred from genus,
Microtus_longicaudus,Microtus longicaudus,Long Tailed Vole,Frugivore,MOM,
Microtus_ludovicianus,Microtus ludovicianus,Extinct Vole,Grazer,Inferred from genus,
Microtus_meadensis,Pitymys meadensis,Extinct Vole,Grazer,Inferred from genus,
Microtus_meltoni,Microtus meltoni,Extinct Vole,Grazer,Inferred from genus,
Microtus_mexicanus,Microtus mexicanus,Mexican Vole,Grazer,MOM,
Microtus_miurus,Microtus miurus,Singing Vole,Browser,MOM,
Microtus_montanus,Microtus montanus,Montane Vole,Grazer,MOM,
Microtus_ochrogaster,Microtus ochrogaster,Prairie Vole,Browser,MOM,
Microtus_oeconomus,Microtus oeconomus,Root Vole,Grazer,MOM,
Microtus_paroperarius,Microtus paroperarius,Extinct Vole,Grazer,Inferred from genus,
Microtus_pennsylvanicus,Microtus pennsylvanicus,Chihuahua Vole,Grazer,MOM,
Microtus_pinetorum,Microtus pinetorum,Woodland Vole,Browser,MOM,
Microtus_richardsoni,Microtus richardsoni,Extinct Vole,Grazer,Inferred from genus,
Microtus_sp.,Microtus sp,Vole,Grazer,Inferred from genus,
Microtus_townsendii,Microtus townsendii,Extinct Vole,Grazer,Inferred from genus,
Microtus_xanthognathus,Microtus xanthognathus,Extinct Vole,Grazer,Inferred from genus,
Mictomys_anzensis,Mictomys vetus,Extinct Vole,Grazer,Inferred from genus,
Mictomys_borealis,Synaptomys borealis,Northern Bog Lemming,Grazer,MOM,
Mictomys_kansasensis,Mictomys kansasensis,Extinct Vole,Grazer,Inferred from genus,
Mictomys_landesi,Mictomys landesi,Extinct Vole,Grazer,Inferred from genus,
Mictomys_meltoni,Mictomys meltoni,Extinct Vole,Grazer,Inferred from genus,
Mictomys_sp.,Mictomys sp,Extinct Vole,Grazer,Inferred from genus,
Mictomys_vetus,Mictomys vetus,Extinct Vole,Grazer,Inferred from genus,
Mimomys_dakotaensis,Mimomys dakotaensis,Extinct Vole,Grazer,"Fejfar et al., 2003",
Mimomys_monahani,Mimomys monahani,Extinct Vole,Grazer,"Fejfar et al., 2004",
Mimomys_panacaensis,Mimomys panacaensis,Extinct Vole,Grazer,"Fejfar et al., 2005",
Mimomys_peimus,Mimomys peimus,Extinct Vole,Grazer,"Fejfar et al., 2006",
Mimomys_poaphagus,Mimomys poaphagus,Extinct Vole,Grazer,"Fejfar et al., 2007",
Mimomys_sawrockensis,Ogmodontomys sawrockensis,Extinct Vole,Grazer,"Fejfar et al., 2008",
Mimomys_sp.,Mimomys sp,Extinct Vole,Grazer,"Fejfar et al., 2009",
Mimomys_vetus,Mimomys vetus,Extinct Vole,Grazer,"Fejfar et al., 2010",
Mimomys_virginanus,Mimomys virginanus,Extinct Vole,Grazer,"Fejfar et al., 2011",
Miracinonyx_inexpectatus,Miracinonyx inexpectatus,American Cheetah ,Carnivore,Paleobiodb,
Miracinonyx_sp.,Miracinonyx sp,American Cheetah ,Carnivore,Inferred from genus,
Miracinonyx_trumani,Miracinonyx trumani,American Cheetah ,Carnivore,MOM,
Mirounga_angustirostris,Mirounga angustirostris,Northern Elephant Seal,Carnivore,Paleobiodb,
Monachus_tropicalis,Neomonachus tropicalis,Extinct Seal,Carnivore,Paleobiodb,
Mus_musculus,Mus musculus,House Mouse,Frugivore,MOM,
Mustela_erminea,Mustela erminea,Stoat,Carnivore,MOM,
Mustela_eversmanni,Mustela eversmanni,Weasel,Omnivore,Paleobiodb,
Mustela_frenata,Mustela frenata,Long Tailed Weasel,Carnivore,MOM,
Mustela_nigripes,Mustela nigripes,Black Footed Ferret,Carnivore,MOM,
Mustela_nivalis,Mustela nivalis,Least Weasel,Carnivore,MOM,
Mustela_rexroadensis,Mustela rexroadensis,Extinct Weasel,Omnivore,Paleobiodb,
Mustela_sp.,Mustela sp,Weasel,Carnivore,Inferred from genus,
Mustela_vison,Neogale vison,American Mink,Carnivore,MOM,
Mylohyus_floridanus,Mylohyus floridanus,Extinct Peccary,Browser,Paleobiodb,
Mylohyus_nasutus,Mylohyus nasutus,Long Nosed Peccary,Browser,MOM,
Mylohyus_sp.,Mylohyus sp,Extinct Peccary,Browser,Inferred from genus,
Myocastor_coypus,Myocastor coypus,Nutria,Browser,MOM,
nannippus_beckensis,nannippus beckensis,Hipparionine Horse,Grazer,Paleobiodb,
nannippus_minor,nannippus aztecus,Hipparionine Horse,Grazer,Paleobiodb,
nannippus_peninsulatus,nannippus peninsulatus,Hipparionine Horse,Grazer,Paleobiodb,
Nannippus_sp.,Nannippus sp,Hipparionine Horse,Grazer,Inferred from genus,
napaeozapus_insignis,Napaeozapus insignis,Woodland Jumping Mouse,Browser,MOM,
nasua_narica,Nasua narica,White Nosed Coati,Omnivore,MOM,
nasua_pronarica,nasua pronarica,Extinct Coati,Omnivore,Paleobiodb,
navahoceros_fricki,Navahoceros fricki,American Mountain Deer,Browser,MOM,
navahoceros_sp.,navahoceros sp,Mountain Deer,Browser,Inferred from genus,
Nebraskomys_mcgrewi,Nebraskomys mcgrewi,Extinct Vole,Grazer,"Xu, 2023",
Nekrolagus_progressus,Nekrolagus progressus,Extinct Rabbit,Grazer,Paleobiodb,
Neochoerus_dichroplax,Phugatherium dichroplax,Extinct Capybara,Grazer,Paleobiodb,
Neochoerus_floridana,Neochoerus floridana,Extinct Capybara,Grazer,Inferred from genus,
Neochoerus_lancei,Phugatherium dichroplax,Extinct Capybara,Grazer,Paleobiodb,
Neochoerus_pinckneyi,Neochoerus pinckneyi,Extinct Capybara,Grazer,MOM,
Neochoerus_sp.,Neochoerus sp,Extinct Capybara,Grazer,Inferred from genus,
Neofiber_alleni,Neofiber alleni,Round Tailed Muskrat,Grazer,MOM,
Neofiber_diluvianus,Neofiber diluvianus,Extinct Muskrat,Grazer,Inferred from genus,
Neofiber_leonardi,Neofiber leonardi,Extinct Muskrat,Grazer,Inferred from genus,
Neofiber_sp.,Neofiber sp,Muskrat,Grazer,Inferred from genus,
Neotoma_albigula,Neotoma albigula,White Throated Woodrat,Browser,MOM,
Neotoma_amplidonta,Neotoma amplidonta,Extinct Woodrat,Browser,Inferred from genus,
Neotoma_cinerea,Neotoma cinerea,Bushy Tailed Woodrat,Browser,MOM,
Neotoma_findleyi,Neotoma findleyi,Extinct Woodrat,Browser,Inferred from genus,
Neotoma_floridana,Neotoma floridana,Eastern Woodrat,Browser,MOM,
Neotoma_fossilis,Neotoma fossilis,Extinct Woodrat,Browser,Inferred from genus,
Neotoma_fuscipes,Neotoma fuscipes,Dusky Footed Woodrat,Browser,MOM,
Neotoma_goldmani,Neotoma goldmani,Goldman's Woodrat,Browser,MOM,
Neotoma_lepida,Neotoma lepida,Desert Woodrat,Browser,MOM,
Neotoma_mexicana,Neotoma mexicana,Mexican Woodrat,Browser,MOM,
Neotoma_micropus,Neotoma micropus,Southern Plains Woodrat,Browser,MOM,
Neotoma_pygmaea,Neotoma pygmaea,Extinct Woodrat,Browser,Inferred from genus,
Neotoma_quadriplicata,Neotoma quadriplicata,Extinct Woodrat,Browser,Inferred from genus,
Neotoma_quafrimaculatus,Neotoma quafrimaculatus,Extinct Woodrat,Browser,Inferred from genus,
Neotoma_sawrockensis,Neotoma sawrockensis,Extinct Woodrat,Browser,Inferred from genus,
Neotoma_sp.,Neotoma sp,Extinct Woodrat,Browser,Inferred from genus,
Neotoma_spelaea,Neotoma spelaea,Extinct Woodrat,Browser,Inferred from genus,
Neotoma_stephensi,Neotoma stephensi ,Stephen's Woodrat,Browser,MOM,
Neotoma_taylori,Neotoma taylori,Extinct Woodrat,Browser,Inferred from genus,
Neotoma_vaughni,Neotoma vaughni,Extinct Woodrat,Browser,Inferred from genus,
Nerterogeomys_minor,Nerterogeomys minor,Extinct Pocket Gopher,Browser,Paleobiodb,
Nerterogeomys_persimilis,Nerterogeomys persimilis,Extinct Pocket Gopher,Browser,Paleobiodb,
Nerterogeomys_sp.,Nerterogeomys sp,Extinct Pocket Gopher,Browser,Inferred from genus,
Nothrotheriops_shastensis,Nothrotherium shastense,Shasta Ground Sloth,Omnivore,Paleobiodb,
Notiosorex_crawfordi,Notiosorex crawfordi,Desert Shrew,Insectivore,MOM,
Notiosorex_jacksoni,Notiosorex jacksoni,Extinct Shrew,Insectivore,Inferred from genus,
Notiosorex_sp.,Notiosorex sp,Shrew,Insectivore,Inferred from genus,
Notolagus_lepusculus,Notolagus lepusculus,Extinct Rabbit,Grazer,Paleobiodb,
Ochotona_princeps,Ochotona princeps,American Pika,Grazer,MOM,
Ochotona_sp.,Ochotona sp,Pika,Grazer,Inferred from genus,
Ochotona_whartoni,Ochotona whartoni,Extinct Pika,Grazer,Inferred from genus,
Ochotona_wheatleyi,Ochotona wheatleyi,Extinct Pika,Grazer,Inferred from genus,
Ochrotomys_nuttalli,Ochrotomys nuttalli,Golden Mouse,Frugivore,MOM,
Odobenus_rosmarus,Odobenus rosmarus,Walrus,Carnivore,Paleobiodb,
Odocoileus_brachycephalus,Odocoileus brachycephalus,Extinct Deer,Browser,Paleobiodb,
Odocoileus_brachyodontus,Odocoileus brachyodontus,Extinct Deer,Browser,Paleobiodb,
Odocoileus_cascoensis,Odocoileus cascoensis,Extinct Deer,Browser,Paleobiodb,
Odocoileus_columbianus,Odocoileus hemionus columbianus,Black Tailed Deer,Browser,MOM,
Odocoileus_ensifer,Odocoileus ensifer,Extinct Deer,Browser,Paleobiodb,
Odocoileus_hemionus,Odocoileus hemionus,Mule Deer,Browser,MOM,
Odocoileus_sheridanus,Odocoileus sheridanus,Extinct Deer,Browser,Paleobiodb,
Odocoileus_sp.,Odocoileus sp,Deer,Browser,Inferred from genus,
Odocoileus_virginianus,Odocoileus virginianus,White Tailed Deer,Browser,MOM,
Ogmodontomys_poaphagus,Ogmodontomys poaphagus,Extinct Vole,Grazer,"Fejfar et al., 2011",
Ogmodontomys_sawrockensis,Ogmodontomys sawrockensis,Extinct Vole,Grazer,"Fejfar et al., 2012",
Ogmodontomys_sp.,Ogmodontomys sp,Extinct Vole,Grazer,"Fejfar et al., 2013",
Ondatra_annectens,Ondatra annectens,Extinct Muskrat,Grazer,Inferred from genus,
Ondatra_hiatidens,Ondatra hiatidens,Extinct Muskrat,Grazer,Inferred from genus,
Ondatra_idahoensis,Ondatra idahoensis,Extinct Muskrat,Grazer,Inferred from genus,
Ondatra_nebrascensis,Ondatra zibethicus,Muskrat,Grazer,MOM,
Ondatra_sp.,Ondatra sp,Muskrat,Grazer,Inferred from genus,
Ondatra_triradicatus,Ondatra zibethicus,Muskrat,Grazer,MOM,
Ondatra_zibethicus,Ondatra zibethicus,Muskrat,Grazer,MOM,
Onychomys_bensoni,Onychomys bensoni,Extinct Grasshopper Mouse,Insectivore,Inferred from genus,
Onychomys_fossilis,Onychomys fossilis,Extinct Grasshopper Mouse,Insectivore,Inferred from genus,
Onychomys_gidleyi,Onychomys gidleyi,Extinct Grasshopper Mouse,Insectivore,Inferred from genus,
Onychomys_jinglebobensis,Onychomys jinglebobensis,Extinct Grasshopper Mouse,Insectivore,Inferred from genus,
Onychomys_leucogaster,Onychomys leucogaster,Northern Grasshopper Mouse,Insectivore,MOM,
Onychomys_pedroensis,Onychomys pedroensis,Extinct Grasshopper Mouse,Insectivore,Inferred from genus,
Onychomys_sp.,Onychomys sp,Extinct Grasshopper Mouse,Insectivore,Inferred from genus,
Onychomys_torridus,Onychomys torridus,Southern Grasshopper Mouse,Insectivore,MOM,
Ophiomys_fricki,Ophiomys fricki,Extinct Vole,Grazer,"Fejfar et al., 2009",
Ophiomys_magilli,Ophiomys magilli,Extinct Vole,Grazer,"Fejfar et al., 2010",
Ophiomys_mcknighti,Ophiomys mcknighti,Extinct Vole,Grazer,"Fejfar et al., 2011",
Ophiomys_meadensis,Ophiomys meadensis,Extinct Vole,Grazer,"Fejfar et al., 2012",
Ophiomys_parvus,Ophiomys parvus,Extinct Vole,Grazer,"Fejfar et al., 2013",
Ophiomys_sp.,Ophiomys sp,Extinct Vole,Grazer,"Fejfar et al., 2014",
Ophiomys_taylori,Ophiomys taylori,Extinct Vole,Grazer,"Fejfar et al., 2015",
Oreamnos_americanus,Oreamnos americanus,Mountain Goat,Grazer,MOM,
Oreamnos_harringtoni,Oreamnos harringtoni,Harrington's Mountain Goat,Grazer,MOM,
Oreamnos_sp.,Oreamnos sp,Mountain Goat,Grazer,Inferred from genus,
Oryctolagus_cuniculus,Oryctolagus cuniculus,European Rabbit,Grazer,MOM,
Oryzomys_fossilis,Oryzomys fossilis,Extinct Rice Rat,Carnivore,Inferred from genus,
Oryzomys_palustris,Oryzomys palustris,Marsh Rice Rat,Carnivore,MOM,
Oryzomys_sp.,Oryzomys sp,Rice Rat,Carnivore,Inferred from genus,
Osmotherium_spelaeum,Osmotherium spelaeum,Extinct Skunk,Omnivore,Paleobiodb,
Ovibos_moschatus,Ovibos moschatus,Muskox,Grazer,MOM,
Ovibovini_sp.,Ovibovini sp,Sheep,Grazer,Paleobiodb,
Ovis_aries,Ovis aries,Sheep,Grazer,MOM,
Ovis_canadensis,Ovis canadensis,Bighorn Sheep,Grazer,MOM,
Ovis_dalli,Ovis dalli,Dall's Sheep,Grazer,MOM,
Ovis_sp.,Ovis sp,Sheep,Grazer,Inferred from genus,
Pachyarmatherium_leiseyi,Pachyarmatherium leiseyi,Extinct Armadillo,Omnivore,Paleobiodb,
Paenemarmota_barbouri,Paenemarmota barbouri,Extinct Squirrel,Frugivore,Paleobiodb,
Paenemarmota_sawrockensis,Paenemarmota sawrockensis,Extinct Squirrel,Frugivore,Paleobiodb,
Paenemarmota_sp.,Paenemarmota sp,Extinct Squirrel,Frugivore,Inferred from genus,
Pagophilus_sp.,Pagophilus sp,Harp Seal,Carnivore,Paleobiodb,
Palaeolama_mirifica,Palaeolama mirifica,Stout Legged Llama,Browser,MOM,
Panthera_atrox,Panthera atrox,American Lion,Carnivore,Paleobiodb,
Panthera_onca,Panthera onca,Jaguar,Carnivore,MOM,
Panthera_sp.,Panthera sp,Big Cats,Carnivore,Inferred from genus,
Pappogeomys_castanops,Cratogeomys castanops,Yellow Faced Pocket Gopher,Browser,MOM,
Pappogeomys_sp.,Pappogeomys sp,Pocket Gopher,Browser,Paleobiodb,
Paracryptotis_gidleyi,Paracryptotis gidleyi,Extinct Red Toothed Shrew,Omnivore,Paleobiodb,
Paracryptotis_rex,Paracryptotis rex,Extinct Red Toothed Shrew,Omnivore,Paleobiodb,
Paracryptotis_rexroadi,Paracryptotis rexroadi,Extinct Red Toothed Shrew,Omnivore,Paleobiodb,
Paradipoides_stovalli,Dipoides stovalli,Extinct Beaver,Browser,Paleobiodb,
Parailurus_sp.,Parailurus sp,Extinct Red Panda,Omnivore,Paleobiodb,
Paramylodon_harlani,Paramylodon harlani,Harlan's Giant Ground Sloth,Grazer,"Ruez, 2005",
Parascalops_breweri,Parascalops breweri,Hairy Tailed Mole,Insectivore,Paleobiodb,
Paronychomys_sp.,Paronychomys sp,Extinct Vole,Insectivore,Inferred from subfamily,
Perognathus_carpenteri,Perognathus carpenteri,Extinct Pocket Mouse,Frugivore,Paleobiodb,
Perognathus_fasciatus,Perognathus fasciatus,Olive Backed Pocket Mouse,Frugivore,MOM,
Perognathus_flavescens,Perognathus flavescens,Plains Pocket Mouse,Frugivore,MOM,
Perognathus_flavus,Perognathus flavus,Silky Pocket Mouse,Frugivore,MOM,
Perognathus_gidleyi,Perognathus gidleyi,Extinct Pocket Mouse,Frugivore,Paleobiodb,
Perognathus_inornatus,Perognathus inornatus,Salinas Pocket Mouse,Frugivore,MOM,
Perognathus_longimembris,Perognathus longimembris,Little Pocket Mouse,Frugivore,MOM,
Perognathus_mclaughlini,Perognathus mclaughlini,Extinct Pocket Mouse,Frugivore,Paleobiodb,
Perognathus_merriami,Perognathus merriami,Great Basin Pocket Mouse,Frugivore,MOM,
Perognathus_parvus,Perognathus parvus,Great Basin Pocket Mouse,Frugivore,MOM,
Perognathus_pearlettensis,Perognathus pearlettensis,Extinct Pocket Mouse,Frugivore,Paleobiodb,
Perognathus_rexroadensis,Perognathus rexroadensis,Extinct Pocket Mouse,Frugivore,Paleobiodb,
Perognathus_sp.,Perognathus sp,Pocket Mouse,Frugivore,Inferred from genus,
Perognathus_strigipredus,Perognathus strigipredus,Extinct Pocket Mouse,Frugivore,Paleobiodb,
Peromyscus_antiquus,Peromyscus antiquus,Extinct Mouse,Frugivore,Inferred from genus,
Peromyscus_baumgartneri,Peromyscus baumgartneri,Extinct Mouse,Frugivore,Inferred from genus,
Peromyscus_beckensis,Peromyscus beckensis,Extinct Mouse,Frugivore,Inferred from genus,
Peromyscus_berendsensis,Peromyscus berendsensis,Extinct Mouse,Frugivore,Inferred from genus,
Peromyscus_boylii,Peromyscus boylii,Brush Mouse,Frugivore,MOM,
Peromyscus_californicus,Peromyscus californicus,California Mouse,Frugivore,MOM,
Peromyscus_cochrani,Peromyscus cochrani,Extinct Mouse,Insectivore,MOM,
Peromyscus_compactus,Peromyscus compactus,Extinct Mouse,Frugivore,Inferred from genus,
Peromyscus_complexus,Peromyscus complexus,Extinct Mouse,Frugivore,Inferred from genus,
Peromyscus_cragini,Peromyscus cragini,Extinct Mouse,Frugivore,Inferred from genus,
Peromyscus_crinitus,Peromyscus crinitus,Canyon Mouse,Insectivore,MOM,
Peromyscus_cumberlandensis,Peromyscus cumberlandensis,Extinct Mouse,Frugivore,Inferred from genus,
Peromyscus_eremicus,Peromyscus eremicus,Cactus Mouse,Frugivore,MOM,
Peromyscus_gossypinus,Peromyscus gossypinus,Cotton Deermouse,Insectivore,MOM,
Peromyscus_hagermanesis,Peromyscus hagermanesis,Extinct Mouse,Frugivore,Inferred from genus,
Peromyscus_imperfectus,Peromyscus imperfectus ,Extinct Mouse,Insectivore,MOM,
Peromyscus_kansasensis,Peromyscus kansasensis,Extinct Mouse,Frugivore,Inferred from genus,
Peromyscus_leucopus,Peromyscus leucopus,White Footed Mouse,Insectivore,MOM,
Peromyscus_maniculatus,Peromyscus maniculatus,North American Deermouse,Frugivore,MOM,
Peromyscus_maxumi,Peromyscus maxumi,Extinct Mouse,Frugivore,Inferred from genus,
Peromyscus_merriami,Peromyscus merriami,Mesquite Mouse,Frugivore,MOM,
Peromyscus_nasutus,Peromyscus nasutus,Northern Rock Mouse,Frugivore,MOM,
Peromyscus_nesodytes,Peromyscus nesodytes,Extinct Mouse,Frugivore,Inferred from genus,
Peromyscus_nosher,Peromyscus nosher,Extinct Mouse,Frugivore,Inferred from genus,
Peromyscus_oklahomensis,Peromyscus oklahomensis,Extinct Mouse,Frugivore,Inferred from genus,
Peromyscus_pectoralis,Peromyscus pectoralis,White Ankled Mouse,Frugivore,MOM,
Peromyscus_polionotus,Peromyscus polionotus,Beach Mouse,Frugivore,MOM,
Peromyscus_progressus,Peromyscus progressus,Extinct Mouse,Frugivore,Inferred from genus,
Peromyscus_sawrockensis,Peromyscus sawrockensis,Extinct Mouse,Frugivore,Inferred from genus,
Peromyscus_sp.,Peromyscus sp,Mouse,Frugivore,Inferred from genus,
Peromyscus_truei,Peromyscus truei,Pinyon Mouse,Frugivore,MOM,
Peromyscus_valensis,Peromyscus valensis,Extinct Mouse,Frugivore,Inferred from genus,
Peromyscus_warrensis,Peromyscus warrensis,Extinct Mouse,Frugivore,Inferred from genus,
Pewelagus_dawsonae,Pewelagus dawsonae,Extinct Rabbit,Grazer,Paleobiodb,
Phenacomys_brachyodus,Phenacomys brachyodus,Extinct Vole,Browser,Inferred from genus,
Phenacomys_gryci,Phenacomys gryci,Extinct Vole,Browser,Inferred from genus,
Phenacomys_intermedius,Phenacomys intermedius,Western Heather Vole,Browser,MOM,
Phenacomys_sp.,Phenacomys sp,Vole,Browser,Inferred from genus,
Phoca_groenlandica,Phoca groenlandica,Harp Seal,Carnivore,Paleobiodb,
Phoca_hispida,Phoca hispida,Ringed Seal,Carnivore,Paleobiodb,
Phoca_sp.,Phoca sp,Seal,Carnivore,Paleobiodb,
Phoca_vitulina,Phoca vitulina,Harbor Seal,Carnivore,Paleobiodb,
Phocoena_phocoena,Phocoena phocoena,Harbor Porpoise,Carnivore,Paleobiodb,
Planisorex_dixonensis,Planisorex dixonensis,Extinct Shrew,Omnivore,Paleobiodb,
Platygonus_bicalcaratus,Platygonus bicalcaratus,Extinct Peccary,Browser,Paleobiodb,
Platygonus_compressus,Platygonus compressus,Flat Headed Peccary,Browser,MOM,
Platygonus_pearcei,Platygonus pearcei,Extinct Peccary,Browser,Paleobiodb,
Platygonus_sp.,Platygonus sp,Extinct Peccary,Browser,Paleobiodb,
Platygonus_vetus,Platygonus vetus,Extinct Peccary,Browser,Paleobiodb,
Pliauchenia_cochrani,Megatylopus cochrani,Extinct Camel,Browser,Paleobiodb,
Pliauchenia_cochroni,Megatylopus cochrani,Extinct Camel,Browser,Paleobiodb,
Pliolemmus_antiquus,Pliolemmus antiquus,Extinct Lemming,Browser,Inferred from subfamily,
Pliomastodon_cosoensis,Mammut cosoensis,Mastodon,Browser,Paleobiodb,
Pliomastodon_sp.,Mammut sp,Mastodon,Browser,Paleobiodb,
Pliomys_deeringensis,Phenacomys deeringensis,Extinct Vole,Browser,Inferred from genus,
Pliophenacomys_finneyi,Pliophenacomys finneyi,Extinct Vole,Grazer,"Fejfar et al., 2011",
Pliophenacomys_idahoensis,Pliophenacomys idahoensis,Extinct Vole,Grazer,"Fejfar et al., 2012",
Pliophenacomys_meadensis,Pliophenacomys meadensis,Extinct Vole,Grazer,"Fejfar et al., 2013",
Pliophenacomys_osborni,Pliophenacomys osborni,Extinct Vole,Grazer,"Fejfar et al., 2014",
Pliophenacomys_primaevus,Pliophenacomys primaevus,Extinct Vole,Grazer,"Fejfar et al., 2015",
Pliophenacomys_sp.,Pliophenacomys sp,Extinct Vole,Grazer,"Fejfar et al., 2016",
Pliopotamys_meadensis,Ondatra meadensis,Extinct Muskrat,Grazer,Inferred from genus,
Pliopotamys_minor,Ondatra minor,Extinct Muskrat,Grazer,Inferred from genus,
Pliosaccomys_dubius,Pliosaccomys dubius,Extinct Pocket Gopher,Browser,Paleobiodb,
Pliozapus_solus,Pliozapus solus,Extinct Jumping Mouse,Frugivore,Inferred from subfamily,
Podomys_floridanus,Podomys floridanus,Florida Deermouse,Frugivore,MOM,
Praeovibos_priscus,Praeovibos priscus,Extinct Antelope,Grazer,Paleobiodb,
Pratilepus_kansasensis,Pratilepus kansasensis,Extinct Rabbit,Grazer,Paleobiodb,
Pratilepus_sp.,Pratilepus sp,Extinct Rabbit,Grazer,Paleobiodb,
Pratilepus_vagus,Alilepus vagus,Extinct Rabbit,Grazer,Paleobiodb,
Pratilepus_wilsoni,Pratilepus wilsoni,Extinct Rabbit,Grazer,Paleobiodb,
Predicrostonyx_hopkinsi,Predicrostonyx hopkinsi,Extinct Lemming,Browser,Inferred from subfamily,
Procastoroides_idahoensis,Procastoroides idahoensis,Extinct Beaver,Browser,Paleobiodb,
Procastoroides_sp.,Procastoroides sp,Extinct Beaver,Browser,Paleobiodb,
Procastoroides_sweeti,Procastoroides sweeti,Extinct Beaver,Browser,Paleobiodb,
Procyon_lotor,Procyon lotor,Northern Raccoon,Carnivore,MOM,
Procyon_rexroadensis,Procyon rexroadensis,Extinct Raccoon ,Omnivore,Paleobiodb,
Prodipodomys_centralis,Prodipodomys centralis,Extinct Mouse,Frugivore,Paleobiodb,
Prodipodomys_idahoensis,Prodipodomys idahoensis,Extinct Mouse,Frugivore,Paleobiodb,
Prodipodomys_minor,Dipodomys minor,Extinct Mouse,Frugivore,Paleobiodb,
Prodipodomys_mirifica,Prodipodomys mirifica,Extinct Mouse,Frugivore,Paleobiodb,
Prodipodomys_riversidensis,Prodipodomys riversidensis,Extinct Mouse,Frugivore,Paleobiodb,
Prodipodomys_sp.,Prodipodomys sp,Extinct Mouse,Frugivore,Paleobiodb,
Prodipodomys_timoteonsis,Prodipodomys timoteonsis,Extinct Mouse,Frugivore,Paleobiodb,
Proneofiber_guildayi,Proneofiber guildayi,Extinct Muskrat,Grazer,Inferred from subfamily,
Prosigmodon_holocuspi,Prosigmodon holocuspis,Extincgt Vole,Insectivore,"Xu, 2023",
Prosthennops_edensis,Tayassu edensis,Extinct Peccary,Omnivore,Paleobiodb,
Prothomomys_warrensis,Prothomomys warrensis,Extinct Pocket Gopher,Browser,Paleobiodb,
Protocyon_texanus,Xenocyon texanus,Extinct Canine,Omnivore,Paleobiodb,
Puma_concolor,Puma concolor,Puma,Carnivore,MOM,
Pusa_sp.,Pusa sp,Seal,Carnivore,Paleobiodb,
Rangifer_tarandus,Rangifer tarandus,Reindeer,Grazer,MOM,
Rattus_norvegicus,Rattus norvegicus,Brown Rat,Insectivore,MOM,
Rattus_rattus,Rattus rattus,House Rat,Insectivore,MOM,
Rattus_sp.,Rattus sp,Rat,Insectivore,Inferred from genus,
Reithrodontomys_fulvescens,Reithrodontomys fulvescens ,Fulvous Harvest Mouse,Insectivore,MOM,
Reithrodontomys_galushai,Reithrodontomys galushai,Extinct Harvest Mouse,Frugivore,Inferred from genus,
Reithrodontomys_humulis,Reithrodontomys humulis,Eastern Harvest Mouse,Frugivore,MOM,
Reithrodontomys_megalotis,Reithrodontomys megalotis,Southern Marsh Harvest Mouse,Frugivore,MOM,
Reithrodontomys_montanus,Reithrodontomys montanus,Plains Harvest Mouse,Frugivore,MOM,
Reithrodontomys_moorei,Reithrodontomys moorei,Extinct Harvest Mouse,Frugivore,Inferred from genus,
Reithrodontomys_pratincola,Reithrodontomys pratincola,Extinct Harvest Mouse,Frugivore,Inferred from genus,
Reithrodontomys_raviventris,Reithrodontomys raviventris,Salt Marsh Harvest Mouse,Frugivore,MOM,
Reithrodontomys_rexroadensis,Reithrodontomys rexroadensis,Extinct Harvest Mouse,Frugivore,Inferred from genus,
Reithrodontomys_sp.,Reithrodontomys sp,Harvest Mouse,Frugivore,Inferred from genus,
Reithrodontomys_wetmorei,Reithrodontomys wetmorei,Extinct Harvest Mouse,Frugivore,Inferred from genus,
Repocerus_idahoensis,Repocerus idahoensis,Extinct Deer,Browser,Inferred from family,
Repomys_arizonensis,Repomys arizonensis,Extinct Vole,Grazer,"Mou, 2011",
Repomys_maxumi,Repomys maxumi,Extinct Vole,Grazer,"Mou, 2011",
Repomys_panacaensis,Repomys panacaensis,Extinct Vole,Grazer,"Mou, 2011",
Repomys_sp.,Repomys sp,Extinct Vole,Grazer,"Mou, 2011",
Reynoldsomys_timoteonsis,Reynoldsomys timoteonsis,Extinct Pocket Gopher,Browser,Paleobiodb,
Rhynchotherium_praecursor,Rhynchotherium praecursor,Gompothere,Browser,Paleobiodb,
Saiga_tatarica,Saiga tatarica,Mongolian Saiga,Grazer,MOM,
Sangamona_fugitiva,Sangamona fugitiva,Extinct Deer,Grazer,Paleobiodb,
Satherium_piscinarium,Satherium piscinarium,Extinct Otter,Omnivore,Paleobiodb,
Scalopus_aquaticus,Scalopus aquaticus,Eastern Mole,Insectivore,MOM,
Scalopus_blancoensis,Scalopus blancoensis,Extinct Mole,Insectivore,Paleobiodb,
Scalopus_rexroadi,Scalopus rexroadi,Extinct Mole,Insectivore,Paleobiodb,
Scalopus_sp.,Scalopus sp,Mole,Insectivore,Paleobiodb,
Scapanus_latimanus,Scapanus latimanus,Broad Footed Mole,Insectivore,MOM,
Scapanus_malatinus,Scapanus malatinus,Extinct Mole,Insectivore,Paleobiodb,
Scapanus_orarius,Scapanus orarius,Coast Mole,Insectivore,MOM,
Scapanus_sp.,Scapanus sp,Mole,Insectivore,Paleobiodb,
Scapanus_townsendii,Scapanus townsendii,Townsend's Mole,Insectivore,MOM,
Sciurus_aberti,Sciurus aberti,Abert's Squirrel,Browser,MOM,
Sciurus_arizonensis,Sciurus arizonensis,Arizona Gray Squirrel,Frugivore,MOM,
Sciurus_calycinus,Sciurus calycinus,Extinct Squirrel,Frugivore,Paleobiodb,
Sciurus_carolinensis,Sciurus carolinensis,Eastern Gray Squirrel,Frugivore,MOM,
Sciurus_griseus,Sciurus griseus,Western Gray Squirrel,Frugivore,MOM,
Sciurus_niger,Sciurus niger,Douglas's Squirrel,Frugivore,MOM,
Sciurus_sp.,Sciurus sp,Squirrel,Frugivore,Inferred from genus,
Sigmodon_bakeri,Sigmodon bakeri,Extinct Cotton Rat,Grazer,Inferred from genus,
Sigmodon_curtisi,Sigmodon curtisi,Extinct Cotton Rat,Grazer,Inferred from genus,
Sigmodon_fulviventer,Sigmodon fulviventer,Tawny Bellied Cotton Rat,Grazer,MOM,
Sigmodon_hispidus,Sigmodon hispidus,Hispid Cotton Rat,Grazer,MOM,
Sigmodon_hispodus,Sigmodon hispidus,Hispid Cotton Rat,Grazer,MOM,
Sigmodon_hudspethensis,Sigmodon hudspethensis,Extinct Cotton Rat,Grazer,Inferred from genus,
Sigmodon_libitiuns,Sigmodon libitiuns,Extinct Cotton Rat,Grazer,Inferred from genus,
Sigmodon_lindsayi,Sigmodon lindsayi,Extinct Cotton Rat,Grazer,Inferred from genus,
Sigmodon_medius,Sigmodon minor,Extinct Cotton Rat,Grazer,Inferred from genus,
Sigmodon_minor,Sigmodon minor,Extinct Cotton Rat,Grazer,Inferred from genus,
Sigmodon_ochrognathus,Sigmodon ochrognathus,Yellow Nosed Cotton Rat,Grazer,MOM,
Sigmodon_sp.,Sigmodon sp,Cotton Rat,Grazer,Inferred from genus,
Smilodon_fatalis,Smilodon fatalis,Saber Toothed Cat,Carnivore,MOM,
Sminthosinus_bowleri,Sminthosinis bowleri,Extinct Mustelid,Omnivore,Paleobiodb,
Soergelia_mayfieldi,Soergelia mayfieldi,Extinct Antelope,Grazer,Paleobiodb,
Sorex_arcticus,Sorex arcticus,Arctic Shrew,Insectivore,MOM,
Sorex_arizonensis,Sorex arizonae,Arizona Shrew,Insectivore,MOM,
Sorex_bendirii,Sorex bendirii,Marsh Shrew,Insectivore,MOM,
Sorex_cinereus,Sorex cinereus,Cinereus Shrew,Insectivore,MOM,
Sorex_cudahyensis,Sorex cudahyensis,Extinct Shrew,Insectivore,Inferred from genus,
Sorex_dispar,Sorex dispar,Long Tailed Shrew,Insectivore,MOM,
Sorex_dixonensis,Planisorex dixonensis,Extinct Shrew,Omnivore,Paleobiodb,
Sorex_fumeus,Sorex fumeus,Smoky Shrew,Insectivore,MOM,
Sorex_haydeni,Sorex haydeni,Prairie Shrew,Insectivore,MOM,
Sorex_hoyi,Sorex hoyi,American Pygmy Shrew,Insectivore,MOM,
Sorex_kansasensis,Sorex kansasensis,Extinct Shrew,Insectivore,Inferred from genus,
Sorex_lacustris,Sorex lacustris,Extinct Shrew,Insectivore,Inferred from genus,
Sorex_leahyi,Sorex leahyi,Extinct Shrew,Insectivore,Inferred from genus,
Sorex_longirostris,Sorex longirostris,Southeastern Shrew,Insectivore,MOM,
Sorex_megacephalus,Sorex megacephalus,Extinct Shrew,Insectivore,Inferred from genus,
Sorex_megapalustris,Sorex megapalustris,Extinct Shrew,Insectivore,Inferred from genus,
Sorex_meltoni,Sorex meltoni,Extinct Shrew,Insectivore,Inferred from genus,
Sorex_merriami,Sorex merriami,Merriam's Shrew,Insectivore,MOM,
Sorex_monticolus,Sorex monticolus,Extinct Shrew,Insectivore,Inferred from genus,
Sorex_nanus,Sorex nanus,Dwarf Shrew,Insectivore,MOM,
Sorex_ornatus,Sorex ornatus,Ornate Shrew,Insectivore,MOM,
Sorex_palustris,Sorex palustris,American Water Shrew,Insectivore,MOM,
Sorex_powersi,Sorex powersi,Extinct Shrew,Insectivore,Inferred from genus,
Sorex_pratensis,Sorex pratensis,Extinct Shrew,Insectivore,Inferred from genus,
Sorex_rexroadensis,Sorex rexroadensis,Extinct Shrew,Insectivore,Inferred from genus,
Sorex_sandersi,Sorex sandersi,Extinct Shrew,Insectivore,Inferred from genus,
Sorex_scottensis,Sorex scottensis,Extinct Shrew,Insectivore,Inferred from genus,
Sorex_sp.,Sorex sp,Shrew,Insectivore,Inferred from genus,
Sorex_taylori,Sorex taylori,Extinct Shrew,Insectivore,Inferred from genus,
Sorex_tenellus,Sorex tenellus,Inyo Shrew,Insectivore,MOM,
Sorex_trowbridgii,Sorex trowbridgii,Trowbridge's Shrew,Insectivore,MOM,
Sorex_vagrans,Sorex vagrans,Vagrant Shrew,Insectivore,MOM,
Spermophilus_armatus,Spermophilus armatus,Uinta Ground Squirrel,Grazer,MOM,
Spermophilus_beecheyi,Spermophilus beecheyi,California Ground Squirrel,Frugivore,MOM,
Spermophilus_beldingi,Spermophilus beldingi,Belding's Ground Squirrel,Grazer,MOM,
Spermophilus_bensoni,Citellus bensoni,Extinct Ground Squirrel,Frugivore,Paleobiodb,
Spermophilus_boothi,Spermophilus boothi,Extinct Ground Squirrel,Frugivore,Paleobiodb,
Spermophilus_cochisei,Spermophilus cochisei,Extinct Ground Squirrel,Frugivore,Paleobiodb,
Spermophilus_columbianus,Spermophilus columbianus,Columbian Ground Squirrel,Frugivore,MOM,
Spermophilus_cragini,Spermophilus cragini,Extinct Ground Squirrel,Frugivore,Paleobiodb,
Spermophilus_dotti,Spermophilus dotti,Extinct Ground Squirrel,Frugivore,Paleobiodb,
Spermophilus_elegans,Spermophilus elegans,Wyoming Ground Squirrel,Frugivore,MOM,
Spermophilus_franklinii,Spermophilus franklinii,Franklin's Ground Squirrel,Browser,MOM,
Spermophilus_howelli,Spermophilus howelli,Extinct Ground Squirrel,Frugivore,Paleobiodb,
Spermophilus_johnsoni,Spermophilus johnstoni,Extinct Ground Squirrel,Frugivore,Paleobiodb,
Spermophilus_lateralis,Spermophilus lateralis,Golden Mantled Ground Squirrel,Browser,MOM,
Spermophilus_leucurus,Ammospermophilus leucurus,White Tailed Antelope Squirrel,Frugivore,Paleobiodb,
Spermophilus_lorisrusselli,Spermophilus lorisrusselli,Extinct Ground Squirrel,Frugivore,Paleobiodb,
Spermophilus_meadensis,Spermophilus meadensis,Extinct Ground Squirrel,Frugivore,Paleobiodb,
Spermophilus_meltoni,Spermophilus meltoni,Extinct Ground Squirrel,Frugivore,Paleobiodb,
Spermophilus_mexicanus,Spermophilus mexicanus,Mexican Ground Squirrel,Frugivore,MOM,
Spermophilus_mohavensis,Spermophilus mohavensis,Mohave Ground Squirrel,Frugivore,MOM,
Spermophilus_parryii,Spermophilus parryii,Arctic Ground Squirrel,Frugivore,MOM,
Spermophilus_rexroadensis,Spermophilus rexroadensis,Extinct Ground Squirrel,Frugivore,Paleobiodb,
Spermophilus_richardsonii,Spermophilus richardsonii,Richardson's Ground Squirrel,Grazer,MOM,
Spermophilus_russelli,Spermophilus russelli,Extinct Ground Squirrel,Frugivore,Paleobiodb,
Spermophilus_sp.,Spermophilus sp,Ground Squirrel,Frugivore,Inferred from genus,
Spermophilus_spilosoma,Spermophilus spilosoma,Spotted Ground Squirrel,Grazer,MOM,
Spermophilus_tereticaudus,Spermophilus tereticaudus,Round Tailed Ground Squirrel,Frugivore,MOM,
Spermophilus_townsendii,Spermophilus townsendii,Townsend's Ground Squirrel,Frugivore,MOM,
Spermophilus_tridecemlineatus,Spermophilus tridecemlineatus,Thirteen Lined Ground Squirrel,Frugivore,MOM,
Spermophilus_variegatus,Spermophilus variegatus,Rock Squirrel,Frugivore,MOM,
Spermophilus_washingtoni,Spermophilus washingtoni,Washington Ground Squirrel,Grazer,MOM,
Spilogale_gracilis,Spilogale gracilis,Western Spotted Skunk,Omnivore,Paleobiodb,
Spilogale_putorius,Spilogale putorius,Eastern Spotted Skunk,Omnivore,MOM,
Spilogale_rexroadi,Spilogale rexroadi,Extinct Skunk,Omnivore,Paleobiodb,
Spilogale_sp.,Spilogale sp,Skunk,Omnivore,Inferred from genus,
Stegomastodon_mirificus,Stegomastodon mirificus,Gompothere,Grazer,Paleobiodb,
Stegomastodon_sp.,Stegomastodon sp,Gompothere,Grazer,Inferred from genus,
Stockoceros_conklingi,Stockoceros conklingi,Extinct Pronghorn,Grazer,MOM,
Stockoceros_onusrosagris,Stockoceros onusrosagris,Extinct Pronghorn,Grazer,MOM,
Stockoceros_sp.,Stockoceros sp,Extinct Pronghorn,Grazer,Inferred from genus,
Sus_scrofa,Sus scrofa,Wild Boar,Browser,MOM,
Sylvilagus_aquaticus,Sylvilagus aquaticus,Swamp Rabbit,Grazer,MOM,
Sylvilagus_audubonii,Sylvilagus audubonii,Desert Cottontail,Grazer,MOM,
Sylvilagus_bachmani,Sylvilagus bachmani,Brush Rabbit,Grazer,MOM,
Sylvilagus_bensonensis,Aluralagus bensonensis,Extinct Rabbit,Grazer,Paleobiodb,
Sylvilagus_floridanus,Sylvilagus floridanus,Eastern Cottontail,Grazer,MOM,
Sylvilagus_hibbardi,Sylvilagus hibbardi,Extinct Rabbit,Grazer,Paleobiodb,
Sylvilagus_leonensis,Sylvilagus leonensis,Dwarf Cottontail,Browser,MOM,
Sylvilagus_nuttallii,Sylvilagus nuttallii,Mountain Cottontail,Grazer,MOM,
Sylvilagus_palustris,Sylvilagus palustris,Marsh Rabbit,Browser,MOM,
Sylvilagus_sp.,Sylvilagus sp,Rabbit,Grazer,Inferred from genus,
Sylvilagus_transitionalis,Sylvilagus transitionalis,New England Cottontail,Grazer,MOM,
Sylvilagus_variegatus,Sylvilagus variegatus,Extinct Rabbit,Grazer,Inferred from genus,
Symmetrodontomys_simplicidens,Symmetrodontomys simplicidens,Extinct Vole,Insectivore,"Martin et al., 2002",
Synaptomys_cooperi,Synaptomys cooperi,Kansas Bog Lemming,Grazer,MOM,
Synaptomys_mimomiformis,Synaptomys mimomiformis,Extinct Lemming,Grazer,Inferred from genus,
Synaptomys_rinkeri,Plioctomys rinkeri,Extinct Lemming,Grazer,Inferred from genus,
Synaptomys_sp.,Synaptomys sp,Lemming,Grazer,Inferred from genus,
Tamias_amoenus,Tamias amoenus,Yellow Pine Chipmunk,Frugivore,MOM,
Tamias_aristas,Tamias aristus,Giant Chipmunk,Frugivore,MOM,
Tamias_canipes,Tamias canipes,Gray Footed Chipmunk,Frugivore,MOM,
Tamias_merriami,Tamias merriami,Merriam's Chipmunk,Frugivore,MOM,
Tamias_minimus,Tamias minimus,Least Chipmunk,Frugivore,MOM,
Tamias_panamintinus,Tamias panamintinus,Panamint Chipmunk,Frugivore,MOM,
Tamias_sp.,Tamias sp,Chipmunk,Frugivore,Inferred from genus,
Tamias_striatus,Tamias striatus,Eastern Chipmunk,Frugivore,MOM,
Tamiasciurus_douglasii,Tamiasciurus douglasii,Douglas's Squirrel,Frugivore,MOM,
Tamiasciurus_hudsonicus,Tamiasciurus hudsonicus,Red  Squirrel,Frugivore,MOM,
Tamiasciurus_sp.,Tamiasciurus sp,Squirrel,Frugivore,Inferred from genus,
Tanupolama_sp.,Hemiauchenia sp,Extinct Camel,Browser,Paleobiodb,
Tapirus_californicus,Tapirus californicus,California Tapir,Grazer,MOM,
Tapirus_haysii,Tapirus haysii,Extinct Tapir,Browser,Paleobiodb,
Tapirus_merriami,Tapirus merriami,Extinct tapir,Browser,Paleobiodb,
Tapirus_sp.,Tapirus sp,Tapir,Grazer,Inferred from genus,
Tapirus_veroensis,Tapirus veroensis,Extinct Tapir,Grazer,MOM,
Taxidea_taxus,Taxidea taxus,American Badger,Carnivore,MOM,
Tayassu_sp.,Tayassu sp,Peccary,Omnivore,Inferred from genus,
Tayassu_tajacu,Pecari tajacu,Collared Peccary,Frugivore,MOM,
Teleopternus_orientalis,Teleopternus orientalis,Extinct camel,Browser,Paleobiodb,
Tetrameryx_irvingtonensis,Tetrameryx irvingtonensis,Extinct Pronghorn,Browser,Paleobiodb,
Tetrameryx_knoxensis,Tetrameryx knoxensis,Extinct Pronghorn,Browser,Paleobiodb,
Tetrameryx_shuleri,Tetrameryx shuleri,Extinct Pronghorn,Grazer,MOM,
Tetrameryx_sp.,Tetrameryx sp,Extinct Pronghorn,Browser,Inferred from genus,
Texoceros_guymonensis,Texoceros guymonensis,Extinct Pronghorn,Browser,Paleobiodb,
Thomomys_bottae,Thomomys bottae,Botta's Pocket Gopher,Browser,MOM,
Thomomys_gidleyi,Thomomys gidleyi,Extinct Pocket Gopher,Browser,Paleobiodb,
Thomomys_mazama,Thomomys mazama,Western Pocket Gopher,Browser,MOM,
Thomomys_microdon,Thomomys microdon,Extinct Pocket Gopher,Browser,MOM,
Thomomys_monticola,Thomomys monticola,Mountain Pocket Gopher,Browser,MOM,
Thomomys_orientalis,Thomomys orientalis,Extinct Pocket Gopher,Browser,MOM,
Thomomys_perpallidus,Thomomys perpallidus,Extinct Pocket Gopher,Browser,Inferred from genus,
Thomomys_scudderi,Thomomys townsendii,Townsend's Pocket Gopher,Browser,MOM,
Thomomys_sp.,Thomomys sp,Pocket Gopher,Browser,Inferred from genus,
Thomomys_talpoides,Thomomys talpoides,Northern Pocket Gopher,Browser,MOM,
Thomomys_townsendii,Thomomys townsendii,Townsend's Pocket Gopher,Browser,MOM,
Thomomys_umbrinus,Thomomys umbrinus,Animas Mountains Pocket Gopher,Browser,MOM,
Thomomys_vetus,Thomomys vetus,Extinct Pocket Gopher,Browser,Inferred from genus,
Titanotylopus_fricki,Titanotylopus fricki,Extinct Camel,Browser,Paleobiodb,
Titanotylopus_sp.,Titanotylopus sp,Extinct Camel,Browser,Paleobiodb,
Titanotylopus_spatulus,Gigantocamelus spatulus,Extinct Camel,Browser,Paleobiodb,
Torontoceros_hypogaeus,Torontoceros hypogaeus,Extinct Deer,Grazer,Paleobiodb,
Tremarctos_floridanus,Tremarctos floridanus,Florida Spectacled Bear,Browser,MOM,
Trigonictis_cooki,Trigonictis cooki,Extinct Mustelid,Omnivore,Paleobiodb,
Trigonictis_macrodon,Trigonictis macrodon,Extinct Mustelid,Omnivore,Paleobiodb,
Trigonictis_sp.,Trigonictis sp,Extinct Mustelid,Omnivore,Paleobiodb,
Tyrannomys_harkseni,Tyrannomys harkseni,Extincgt Mouse,Grazer,Inferred from subfamily,
Urocyon_cinereoargenteus,Urocyon cinereoargenteus,Gray Fox,Omnivore,MOM,
Urocyon_littoralis,Urocyon littoralis,Island Fox,Omnivore,MOM,
Urocyon_progressus,Urocyon progressus,Extinct Fox,Omnivore,Paleobiodb,
Urocyon_sp.,Urocyon sp,Fox,Omnivore,Inferred from genus,
Ursus_abstrusus,Protarctos abstrusus,Extinct Bear,Omnivore,Paleobiodb,
Ursus_americanus,Ursus americanus,American Black Bear,Omnivore,MOM,
Ursus_arctos,Ursus arctos ,Brown Bear,Omnivore,MOM,
Ursus_maritimus,Ursus maritimus,Polar Bear,Carnivore,MOM,
Ursus_sp.,Ursus sp,Bear,Omnivore,Inferred from genus,
Vulpes_macrotis,Vulpes macrotis,Kit Fox,Omnivore,Paleobiodb,
Vulpes_sp.,Vulpes sp,Fox,Carnivore,Inferred from genus,
Vulpes_velox,Vulpes velox,Swift Fox,Carnivore,MOM,
Vulpes_vulpes,Vulpes vulpes,Red Fox,Carnivore,MOM,
Zalophus_californicus,Zalophus californicus,California Sea Lion,Carnivore,Paleobiodb,
Zapus_adamsi,Zapus adamsi,Extinct Jumping Mouse,Frugivore,Inferred from genus,
Zapus_burti,Zapus burti,Extinct Jumping Mouse,Frugivore,Inferred from genus,
Zapus_hudsonius,Zapus hudsonius,Meadow Jumping Mouse,Frugivore,MOM,
Zapus_princeps,Zapus princeps,Pacific Jumping Mouse,Frugivore,MOM,
Zapus_rinkeri,Zapus rinkeri,Extinct Jumping Mouse,Frugivore,Inferred from genus,
Zapus_sandersi,Zapus sandersi,Extinct Jumping Mouse,Frugivore,Inferred from genus,
Zapus_sp.,Zapus sp,Jumping Mouse,Frugivore,Inferred from genus,
Zapus_sykesae,Zapus sykesae,Extinct Jumping Mouse,Frugivore,Inferred from genus,
Agouti_paca,Cuniculus paca,Lowland Paca,Frugivore,MOM,
Chaetodipus_fallax,Chaetodipus fallax,San Diego Pocket Mouse,Frugivore,MOM,
Dicrostonyx_richardsoni,Dicrostonyx richardsoni,Richardson's Collared Lemming ,Browser,MOM,
Didelphis_marsupialis,Didelphis marsupialis,Common Opossum,Omnivore,MOM,
Marmota_canadensis,Marmota monax canadensis,Woodchuck,Grazer,MOM,
nasua_nasua,Nasua nasua,South American Coati,Insectivore,MOM,
Pecari_tajacu,Pecari tajacu,Collared Peccary,Frugivore,MOM,
Synaptomys_borealis,Synaptomys borealis,Northern Bog Lemming,Grazer,MOM,
